<?xml version="1.0" encoding="UTF-8"?>
<LanguageData>
  <Board.reportString>Entrando al TargetA.</Board.reportString>
  <LoadUpgradeMaterials.reportString>Cargando materiales de mejora a TargetB.</LoadUpgradeMaterials.reportString>
  <IdleVehicle.reportString>Inactivo.</IdleVehicle.reportString>
  <PrepareCaravan_GatheringVehicle.reportString>Cargando cargamento paraTargetB.</PrepareCaravan_GatheringVehicle.reportString>
  <RopeAnimalToVehicle.reportString>Amarrando {0} a TargetA.</RopeAnimalToVehicle.reportString>
  <CarryPawnToVehicle.reportString>Llevando TargetA a TargetB.</CarryPawnToVehicle.reportString>
  <CarryItemToVehicle.reportString>Cargando TargetA en TargetB</CarryItemToVehicle.reportString>
  <RepairVehicle.reportString>Reparando TargetA.</RepairVehicle.reportString>
  <DisassembleVehicle.reportString>Desarmando TargetA.</DisassembleVehicle.reportString>
  <PaintVehicle.reportString>Pintando TargetA.</PaintVehicle.reportString>
  <UpgradeVehicle>Trabajando en TargetA.</UpgradeVehicle>
  <RefuelVehicle.reportString>Rellenar tanque de combustible TargetA</RefuelVehicle.reportString>
  <RefuelVehicleAtomic.reportString>Rellenar tanque de combustible TargetA</RefuelVehicleAtomic.reportString>
  <FollowVehicle.reportString>Siguiendo TargetA.</FollowVehicle.reportString>
  <EscortVehicle.reportString>Escoltando TargetA.</EscortVehicle.reportString>
</LanguageData>

