<?xml version="1.0" encoding="UTF-8"?>
<LanguageData>
  <MoveSpeed.label>Velocidad de Movimiento</MoveSpeed.label>
  <MoveSpeed.description>Velocidad de Movimiento en celdas por segundo.</MoveSpeed.description>
  <CargoCapacity.label>Carga</CargoCapacity.label>
  <CargoCapacity.description>La cantidad de peso que este vehículo puede llevar como carga. Esta es la misma cantidad que está disponibla para caravanas.</CargoCapacity.description>
  <RepairRate.label>Tasa de Reparación</RepairRate.label>
  <RepairRate.description>La cantidad de salud que se repara por segundo.</RepairRate.description>
  <Mass.label>Masa</Mass.label>
  <Mass.description>La masa física de este vehículo.</Mass.description>
  <BodyIntegrity.label>Integridad del Cuerpo</BodyIntegrity.label>
  <BodyIntegrity.description>La salud promedio de todas las partes del vehículo. Si la integridad del vehículo llega a 0, se desintegrará en una fracción de su costro de construcción.</BodyIntegrity.description>
</LanguageData>

