<?xml version="1.0" encoding="UTF-8"?>
<LanguageData>
  <Default.label>Default</Default.label>
  <Tiger.label>Tigre</Tiger.label>
  <TigerStripes.label>Rayas de Tigre</TigerStripes.label>
  <Woodland.label>Bosque</Woodland.label>
  <Hearts.label>Corazones</Hearts.label>
  <Panther.label>Pantera</Panther.label>
  <Digital.label>Digital</Digital.label>
  <Polygon.label>Polígono</Polygon.label>
  <Rusty.label>Oxidado</Rusty.label>
  <Waves.label>Olas</Waves.label>
  <ZigZag.label>Zig Zag</ZigZag.label>
  <Abstract_Medium.label>Abstracto Mediano</Abstract_Medium.label>
  <Abstract_Large.label>Abstracto Grande</Abstract_Large.label>
  <Lizard.label>Lagartija</Lizard.label>
  <Hexagon.label>Hexágono</Hexagon.label>
</LanguageData>

