<?xml version="1.0" encoding="UTF-8"?>
<LanguageData>
  <Board.reportString>Wchodzenie do RargetA.</Board.reportString>
  <LoadUpgradeMaterials.reportString>Ładowanie materiałów ulepszeń do TargetB.</LoadUpgradeMaterials.reportString>
  <IdleVehicle.reportString>Bezczynne.</IdleVehicle.reportString>
  <PrepareCaravan_GatheringVehicle.reportString>Ładowanie ładunku do TargetB</PrepareCaravan_GatheringVehicle.reportString>
  <RopeAnimalToVehicle.reportString>Przyciąganie {0} do TargetA.</RopeAnimalToVehicle.reportString>
  <CarryPawnToVehicle.reportString>Noszenie TargetA do TargetB.</CarryPawnToVehicle.reportString>
  <CarryItemToVehicle.reportString>Ładowanie TargetA do TargetB</CarryItemToVehicle.reportString>
  <RepairVehicle.reportString>Naprawianie TargetA.</RepairVehicle.reportString>
  <DisassembleVehicle.reportString>Rozmontowywanie TargetA.</DisassembleVehicle.reportString>
  <PaintVehicle.reportString>Malowanie TargetA.</PaintVehicle.reportString>
  <UpgradeVehicle>Pracowanie na TargetA.</UpgradeVehicle>
  <RefuelVehicle.reportString>Tankowanie TargetA</RefuelVehicle.reportString>
  <RefuelVehicleAtomic.reportString>Refueling TargetA</RefuelVehicleAtomic.reportString>
  <FollowVehicle.reportString>Following TargetA.</FollowVehicle.reportString>
  <EscortVehicle.reportString>Escorting TargetA.</EscortVehicle.reportString>
</LanguageData>

