<?xml version="1.0" encoding="UTF-8"?>
<LanguageData>
  <VF_Caravan_Dismounted>Desmontado</VF_Caravan_Dismounted>
  <VF_Sailing>Navegando</VF_Sailing>
  <VF_DockToCaravan>Objetos para cargar</VF_DockToCaravan>
  <VF_CommandDockShip>Atracar</VF_CommandDockShip>
  <VF_CommandDockShipDesc>Bajar a todos los pasajeros y permitir comerciar con {0}.</VF_CommandDockShipDesc>
  <VF_CommandDockShipDisembark>Atracar y desembarcar</VF_CommandDockShipDisembark>
  <VF_CommandDockShipObjectDesc>Atracar navios e ir a pie</VF_CommandDockShipObjectDesc>
  <VF_CommandUndockShip>Abordar vehículo</VF_CommandUndockShip>
  <VF_CommandUndockShipDesc>Cargar a todos los pasajeros y objetos en navios</VF_CommandUndockShipDesc>
  <VF_CommandAttackDockDisable>No se puede atacar a {0} mientras se está atracado</VF_CommandAttackDockDisable>
  <VF_CommandTradeDockDisable>No se puede comerciar con {0}. Se debe atracar el navío primero</VF_CommandTradeDockDisable>
  <VF_CaravanMustHaveEnoughSpaceOnShip>No hay suficiente espacio en los navios para toda la tripulaión.</VF_CaravanMustHaveEnoughSpaceOnShip>
  <VF_CaravanMustHaveEnoughPawnsToOperate>No hay suficiente tripulación para embarcarse. Se necesita {0}</VF_CaravanMustHaveEnoughPawnsToOperate>
  <VF_CaravanMustHaveAtLeastOneVehicle>Debes elegir al menos 1 vehiculo para trazar una ruta.</VF_CaravanMustHaveAtLeastOneVehicle>
  <VF_CommandFormVehicleCaravan>Formar caravana de vehículos</VF_CommandFormVehicleCaravan>
  <VF_CommandFormVehicleCaravanDesc>Formar caravana con vehículos incluidos.</VF_CommandFormVehicleCaravanDesc>
  <VF_CommandReformVehicleCaravan>Reorganizar caravana de vehículos</VF_CommandReformVehicleCaravan>
  <VF_CommandReformVehicleCaravanDesc>Reorganizar caravana de vehículos con los vehiculos seleccionados.</VF_CommandReformVehicleCaravanDesc>
  <VF_RoutePlannerToggleVehicleDefs>VehículosDefs</VF_RoutePlannerToggleVehicleDefs>
  <VF_RoutePlannerToggleVehicles>Vehículos</VF_RoutePlannerToggleVehicles>
</LanguageData>

