<?xml version="1.0" encoding="UTF-8"?>
<LanguageData>
  <VF_IncidentCrashedSiteLabel_Crashing>{0} se ha estrellado!</VF_IncidentCrashedSiteLabel_Crashing>
  <VF_IncidentCrashedSiteLabel_ShotDown>{1} ha derribado a {0}</VF_IncidentCrashedSiteLabel_ShotDown>
  <VF_IncidentReasonLister>\n\nRazon:\n {0}</VF_IncidentReasonLister>
  <VF_IncidentCrashedSite_Crashing>{0} se estrelló!.</VF_IncidentCrashedSite_Crashing>
  <VF_IncidentCrashedSite_ShotDown>{0} ha sido derribado por {1}.</VF_IncidentCrashedSite_ShotDown>
  <VF_IncidentCrashedSiteReason_OutOfFuel>Se han quedado sin combustible</VF_IncidentCrashedSiteReason_OutOfFuel>
  <VF_IncidentCrashedSiteReason_FlightControl>Perdio el control de vuelo</VF_IncidentCrashedSiteReason_FlightControl>
  <VF_ReinforcementsArrivedLabel>Refuerzos</VF_ReinforcementsArrivedLabel>
  <VF_ReinforcementsArrived>{0} ha llegado con refuerzos para investigar el lugar del accidente.</VF_ReinforcementsArrived>
  <VF_BoatSunk>El navío se ha hundido</VF_BoatSunk>
  <VF_BoatSunkDesc>{0} se ha hundido a las profundidades del oceano.</VF_BoatSunkDesc>
  <VF_BoatSunkWithPawnsDesc>{0} se ha hundido a las profundidades del oceano. 

Los siguientes tripulantes no pudieron salvarse:
{1}</VF_BoatSunkWithPawnsDesc>
</LanguageData>

