<?xml version="1.0" encoding="UTF-8"?>
<LanguageData>
  <VF_MustSelectColorPalette>Debe seleccionar una paleta para sobre guardar.</VF_MustSelectColorPalette>
  <VF_VehicleUnableToMove>{0_labelShort} no se puede mover.</VF_VehicleUnableToMove>
  <VF_HandlerNotEnoughRoom>Imposible añadir {0} a {1}. No hay mas espacio disponible.</VF_HandlerNotEnoughRoom>
  <VF_NotEnoughToOperate>Requiere mas tripulación para funcionar.</VF_NotEnoughToOperate>
  <VF_OutOfFuel>Imposible arrancar. El vehículo necesita mas combustible.</VF_OutOfFuel>
  <VF_UpgradeInProgress>No se puede arrancar el vehículo mientras esta siendo mejorado.</VF_UpgradeInProgress>
  <VF_NotEnoughCrew>No hay suficientes colonos en {0} para operar {1}.</VF_NotEnoughCrew>
  <VF_CannotFit>No hay suficiente espacio.</VF_CannotFit>
  <VF_NoPathForVehicle>No se puede llegar ahí.</VF_NoPathForVehicle>
  <VF_IncapableStatusForRole>{0} es incapaz de cumplir esta tarea.</VF_IncapableStatusForRole>
  <VF_InvalidName>Nombre invalido para el vehículo.</VF_InvalidName>
  <VF_OutOfFood>No hay comida en {0} para los pasajeros abordo.</VF_OutOfFood>
  <VF_NoAmmoLoadedTurret>Sin munición cargada.</VF_NoAmmoLoadedTurret>
  <VF_NoAmmoAvailable>Sin munición disponible en el inventario.</VF_NoAmmoAvailable>
  <VF_VehicleCaravanMentalBreakMovementRole>{0} no puede cumplir su tarea en la caravana.</VF_VehicleCaravanMentalBreakMovementRole>
  <VF_PawnBoardedFormingCaravan>{0} se han montado en {1} y esta listo para el viaje.</VF_PawnBoardedFormingCaravan>
  <VF_CantMoveDocked>No hay suficiente tripulación para embarcar.</VF_CantMoveDocked>
  <VF_CantAssignVehicle>No hay suficiente tripulación en {0}.</VF_CantAssignVehicle>
  <VF_AssignFailure>No se pudo asignar asientos. {0}</VF_AssignFailure>
  <VF_PackingSpotNotFound>No se pudo encontrar un punto de carga para la caravana de vehículos. Deberias colocar un Punto de Carga desde Varios.</VF_PackingSpotNotFound>
  <VF_ForceLeaveCaravan>Forzar salida</VF_ForceLeaveCaravan>
  <VF_ForceLeaveCaravanDesc>Forzar caravana a salir del mapa. No se llevaran los objetos que aun no hayan cargado en los vehiculos.</VF_ForceLeaveCaravanDesc>
  <VF_ForceLeaveConfirmation>La tripulación se preparar para marchar.</VF_ForceLeaveConfirmation>
  <VF_CaravanTerminatedNoVehicles>Los procesos de la caravana se han terminado. No quedan vehiculos.</VF_CaravanTerminatedNoVehicles>
  <VF_LandAndSeaRoutePlannerRestriction>No se puede planear una ruta por tierra y mar a la vez. Los caminos no quedaran registrados.</VF_LandAndSeaRoutePlannerRestriction>
  <VF_LeaveVehicleBehindCaravan>Seguro que quieres abandonar estos vehículos? Vehículos abandonados: {0}</VF_LeaveVehicleBehindCaravan>
  <VF_MustAssignEnoughToVehicle>Debes asignar suficientes colonos para tripular el vehículo.</VF_MustAssignEnoughToVehicle>
  <VF_AerialVehicleArrived>{0} ha llegado a su destino.</VF_AerialVehicleArrived>
  <VF_AerialVehicleLeft>{0} abandonó el mapa.</VF_AerialVehicleLeft>
  <VF_AerialVehicleLaunchNotValid>Imposible despegar, las condiciones son inapropiadas.</VF_AerialVehicleLaunchNotValid>
  <VF_LaunchOutOfFuel>Imposible despegar. Sin combustible.</VF_LaunchOutOfFuel>
  <VF_FlightPathMaxNodes>Se ha alcanzado la cantidad maxima de nodos para el vuelo de {0}</VF_FlightPathMaxNodes>
  <VF_MustTargetLanding>Se debe elegir un lugar de aterrizaje.</VF_MustTargetLanding>
</LanguageData>

