<?xml version="1.0" encoding="UTF-8"?>
<LanguageData>
  <VF_FormingCaravanStatus_RopingAnimals>Amarrando animales a vehículos.</VF_FormingCaravanStatus_RopingAnimals>
  <VF_FormingCaravanStatus_RopingAnimals_Pause>Amarrando animales a vehículos. (Esperando)</VF_FormingCaravanStatus_RopingAnimals_Pause>
  <VF_FormingCaravanStatus_BoardVehicles>Abordando.</VF_FormingCaravanStatus_BoardVehicles>
  <VF_FormingCaravanStatus_BoardVehicles_Pause>Abordando. (Esperando)</VF_FormingCaravanStatus_BoardVehicles_Pause>
  <VF_FormingCaravanStatus_Leaving_Vehicles>Marchandose.</VF_FormingCaravanStatus_Leaving_Vehicles>
  <VF_FormingCaravanStatus_Leaving_Vehicles_Pause>Marchandose. (Esperando)</VF_FormingCaravanStatus_Leaving_Vehicles_Pause>
  <VF_draftLabel>Arrancar motor</VF_draftLabel>
  <VF_healthLabel_Healthy>Operativo</VF_healthLabel_Healthy>
  <VF_healthLabel_Injured>Necesita reparaciones</VF_healthLabel_Injured>
  <VF_healthLabel_Immobile>Inoperable</VF_healthLabel_Immobile>
  <VF_healthLabel_Dead>Barado</VF_healthLabel_Dead>
  <VF_healthLabel_Beached>Encayado</VF_healthLabel_Beached>
</LanguageData>

