<?xml version="1.0" encoding="UTF-8"?>
<LanguageData>
  <Default.label>Domyślne</Default.label>
  <Tiger.label>Tygrys</Tiger.label>
  <TigerStripes.label>Tygrysie Paski</TigerStripes.label>
  <Woodland.label>Las</Woodland.label>
  <Hearts.label>Serca</Hearts.label>
  <Panther.label>Pantera</Panther.label>
  <Digital.label>Cyfrowe</Digital.label>
  <Polygon.label>Poligon</Polygon.label>
  <Rusty.label>Zardzewiałe</Rusty.label>
  <Waves.label>Fale</Waves.label>
  <ZigZag.label>Zygzak</ZigZag.label>
  <Abstract_Medium.label>Średnio Abstrakcyjne</Abstract_Medium.label>
  <Abstract_Large.label>Mocno Abstrakcyjne</Abstract_Large.label>
  <Lizard.label>Jaszczurka</Lizard.label>
  <Hexagon.label>Heksagon</Hexagon.label>
</LanguageData>

