<?xml version="1.0" encoding="UTF-8"?>
<LanguageData>
  <VF_EnterVehicle>Wejdź do {0} jako {1}  [{2}]</VF_EnterVehicle>
  <VF_BoardVehicleGroup>Wejdź do {0}</VF_BoardVehicleGroup>
  <VF_BoardVehicleGroupFail>Wejdź do {0} (Zbyt wiele wybranych)</VF_BoardVehicleGroupFail>
  <VF_ActivityIconOnBoardShip>W {0}</VF_ActivityIconOnBoardShip>
  <VF_IsIncapableOfRamming>Taranuj {0}</VF_IsIncapableOfRamming>
  <VF_CannotMoveToCell>{0} nie może dotrzeć do tego obszaru.</VF_CannotMoveToCell>
  <VF_LandVehicleHere>Ląduj Pojazd tutaj</VF_LandVehicleHere>
  <VF_LandVehicleEdge>Ląduj w {0} na skraju mapy.</VF_LandVehicleEdge>
  <VF_LandVehicleCenter>Ląduj w {0} w środku mapy.</VF_LandVehicleCenter>
  <VF_LandVehicleTargetedLanding>Ląduj w {0} i wybierz miejsce lądowania.</VF_LandVehicleTargetedLanding>
  <VF_AttackAndTargetLanding>Atakuj {0}: i wybierz miejsce lądowania.</VF_AttackAndTargetLanding>
  <VF_StrafeRun>Ostrzelaj</VF_StrafeRun>
  <VF_AerialReconSite>Zwiady</VF_AerialReconSite>
</LanguageData>

