<?xml version="1.0" encoding="UTF-8"?>
<LanguageData>
  <VF_IncidentCrashedSiteLabel_Crashing>{0} Rozbił Się</VF_IncidentCrashedSiteLabel_Crashing>
  <VF_IncidentCrashedSiteLabel_ShotDown>{1} Zestrzelił {0}</VF_IncidentCrashedSiteLabel_ShotDown>
  <VF_IncidentReasonLister>\n\nPowód:\n {0}</VF_IncidentReasonLister>
  <VF_IncidentCrashedSite_Crashing>{0} Rozbił Się</VF_IncidentCrashedSite_Crashing>
  <VF_IncidentCrashedSite_ShotDown>{0} został zestrzelony przez {1}.</VF_IncidentCrashedSite_ShotDown>
  <VF_IncidentCrashedSiteReason_OutOfFuel>Zabrakło paliwa</VF_IncidentCrashedSiteReason_OutOfFuel>
  <VF_IncidentCrashedSiteReason_FlightControl>Utrata kontroli nad lotem</VF_IncidentCrashedSiteReason_FlightControl>
  <VF_ReinforcementsArrivedLabel>Posiłki</VF_ReinforcementsArrivedLabel>
  <VF_ReinforcementsArrived>{0} przybył/a z posiłkami w celu zbadania miejsca rozbicia.</VF_ReinforcementsArrived>
  <VF_BoatSunk>Łódź zatonęła</VF_BoatSunk>
  <VF_BoatSunkDesc>{0} zatonął do głębin oceanu.</VF_BoatSunkDesc>
  <VF_BoatSunkWithPawnsDesc>{0} zatonął do głębin oceanu.

Łódź zabrała ze sobą kolonistów: {1}</VF_BoatSunkWithPawnsDesc>
</LanguageData>

