<?xml version="1.0" encoding="UTF-8"?>
<LanguageData>
  <VehicleFramework>Vehicle Framework</VehicleFramework>
  <VF_Vehicles>Транспорт</VF_Vehicles>
  <VF_LoadCargo>Загрузить груз</VF_LoadCargo>
  <VF_DisembarkAllPawns>Выгрузить всех пассажирова</VF_DisembarkAllPawns>
  <VF_DisembarkSinglePawn>Выгрузить {0}</VF_DisembarkSinglePawn>
  <VF_DisembarkNoExit>Нет возможности покинуть технику. Нет валидных клеток для выхода.</VF_DisembarkNoExit>
  <VF_StopVehicle>Остановить</VF_StopVehicle>
  <VF_UndraftVehicle>Заглушить</VF_UndraftVehicle>
  <VF_DraftVehicleDesc>Призывает технику и включает возможность движения. Данное действие заставляет технику использовать топливо даже если она стоит.</VF_DraftVehicleDesc>
  <VF_StopVehicleDesc>Остановить технику немедленно.</VF_StopVehicleDesc>
  <VF_UndraftVehicleDesc>Отзывает технику, отключает потребление топлива и отключает возможность движения.</VF_UndraftVehicleDesc>
  <VF_ShowAllItemsOnMap>Показать все предметы на карте</VF_ShowAllItemsOnMap>
  <VF_ResetColorPalettes>Сбросить все цветовые наборы</VF_ResetColorPalettes>
  <VF_ResetColorPalettesConfirmation>Вы уверены, что хотите вернуть к стандартным настройкам все цветовые наборы? Это действие не может быть отменено.</VF_ResetColorPalettesConfirmation>
  <VF_RotateVehicleRendering>Повернуть технику</VF_RotateVehicleRendering>
  <VF_SaveColorPalette>Сохранить цветовой набор</VF_SaveColorPalette>
  <VF_ColorOne>Первый цвет</VF_ColorOne>
  <VF_ColorTwo>Второй цвет</VF_ColorTwo>
  <VF_ColorThree>Третий цвет</VF_ColorThree>
  <VF_ColorPickerHex>Hex</VF_ColorPickerHex>
  <VF_JobSettings>Настройки задачи</VF_JobSettings>
  <VF_VehicleAgeReadout>Произведено: {0}</VF_VehicleAgeReadout>
  <VF_StatsReport_CargoWeight>Груз: {0}</VF_StatsReport_CargoWeight>
  <VF_RenameVehicleTooltip>Назначить или очистить имя.</VF_RenameVehicleTooltip>
  <VF_RecolorTooltip>Изменить цвета или шаблон.</VF_RecolorTooltip>
  <VF_DoubleClickShuttleTarget>Нажмите чтобы подтвердить место назначения</VF_DoubleClickShuttleTarget>
  <VF_SwapColors>Перемешать цвета между друг-другом.\nПервый цвет -&gt; Второй цвет -&gt; Третий цвет</VF_SwapColors>
  <VF_StartFishing>Начать рыбалку</VF_StartFishing>
  <VF_StartFishingDesc>Рыбалка активна. Глубина воды влияет на шанс ловли рыбы.</VF_StartFishingDesc>
  <VF_ExplosiveComponent>Подорвать</VF_ExplosiveComponent>
  <VF_EditPawnOverlayRendererTooltip>Редактировать наложение пешки (pawn).</VF_EditPawnOverlayRendererTooltip>
  <VF_VehicleRestriction_Stationary>Невозможно вести огонь во время движения.</VF_VehicleRestriction_Stationary>
  <VF_Patterns>Шаблоны</VF_Patterns>
  <VF_Skins>Скины</VF_Skins>
  <VF_PatternZoom>Приблизить</VF_PatternZoom>
  <VF_PatternZoomTooltip>Изменяйте масштаб шаблона вниз или вверх.</VF_PatternZoomTooltip>
  <VF_PatternDisplacementX>Смещение по X</VF_PatternDisplacementX>
  <VF_PatternDisplacementY>Смещение по Y</VF_PatternDisplacementY>
  <VF_Electric>Электрический</VF_Electric>
  <VF_ElectricFlick>Зарядить батарею</VF_ElectricFlick>
  <VF_ElectricFlickDesc>Соедините технику (внизу) с электрической сетью.</VF_ElectricFlickDesc>
  <VF_OutOfFuel>Движение невозможно. Топливо отсутствует.</VF_OutOfFuel>
  <VF_Assign>Назначить</VF_Assign>
  <VF_Assigned>Назначен</VF_Assigned>
  <VF_Colonists>Колонисты</VF_Colonists>
  <VF_ClearSeats>Очистить</VF_ClearSeats>
  <VF_RemoveFromRole>Убрать</VF_RemoveFromRole>
  <VF_AddToRole>Добавить</VF_AddToRole>
  <VF_RoutePlannerButtonTip>Нажмите, чтобы войти в режим планирования для транспортных средств, где вы можете выбрать определенные транспортные средства, которыми вы владеете, и спланировать свое путешествие. Путь регулируется в зависимости от выбранных транспортных средств.</VF_RoutePlannerButtonTip>
  <VF_SelectVehiclesForPlanner>Выбрать технику</VF_SelectVehiclesForPlanner>
  <VF_StartVehicleRoutePlanner>Начать маршрут</VF_StartVehicleRoutePlanner>
  <VF_OkName>Подтвердить имя</VF_OkName>
  <VF_RemoveName>Убрать имя</VF_RemoveName>
  <VF_NoFlightSpeed>Невозможно запустить со скоростью полета = 0</VF_NoFlightSpeed>
  <VF_CannotLaunchWhileMoving>Невозможно запустить пока {0} находится в движении.</VF_CannotLaunchWhileMoving>
  <VF_CannotLaunchImmobile>{0} невозможно запустить не имея возможности двигаться.</VF_CannotLaunchImmobile>
  <VF_CannotLaunchOverEncumbered>{0} невозможно запустить пока очень-аполненный.</VF_CannotLaunchOverEncumbered>
  <VF_TabCargo>Груз</VF_TabCargo>
  <VF_TabPassengers>Пассажиры</VF_TabPassengers>
  <VF_TabComponents>Здоровье</VF_TabComponents>
  <VF_TabUpgrades>Кастомизировать</VF_TabUpgrades>
  <VF_ComponentHealth>Здоровье</VF_ComponentHealth>
  <VF_ComponentEfficiency>Эффективность</VF_ComponentEfficiency>
  <VF_ComponentArmor>Броня</VF_ComponentArmor>
  <VF_NoFuelReturnTrip>Отсутствует обратный путь</VF_NoFuelReturnTrip>
  <VF_NotEnoughFuel>Вне диапазона</VF_NotEnoughFuel>
  <VF_Cargo>Груз</VF_Cargo>
  <VF_Properties>Параметры</VF_Properties>
  <VF_LauncherProperties>Параметры запуска</VF_LauncherProperties>
  <VF_FueledTravelPropertes>Топливо</VF_FueledTravelPropertes>
  <VF_JobLimitations>Максимальное количество рабочих на поставленную Задачу.</VF_JobLimitations>
</LanguageData>

