<?xml version="1.0" encoding="UTF-8"?>
<LanguageData>
  <VF_ReloadVehicleTurret>Перезарядить</VF_ReloadVehicleTurret>
  <VF_AutoTargeting>Автоматическое обнаружение: {0}</VF_AutoTargeting>
  <VF_AutoTargetingDisabled>Автоматическое обнаружение недоступно для этой туррели.</VF_AutoTargetingDisabled>
  <VF_VehicleTurrets_NoAmmoToReload>Отсутствуют подходящие боеприпасы.</VF_VehicleTurrets_NoAmmoToReload>
</LanguageData>

