﻿<?xml version="1.0" encoding="utf-8"?>

<LanguageData>
  <!-- Cabeçalhos / Etiquetas -->
  <VF_DevMode>Modo de Desenvolvimento</VF_DevMode>
  <VF_DevMode_Logging>Registro</VF_DevMode_Logging>
  <VF_DevMode_Troubleshooting>Resolução de Problemas</VF_DevMode_Troubleshooting>
  <VF_DevMode_Drawers>Ajuda Visual</VF_DevMode_Drawers>
  <VF_DevMode_Pathing>Definição de Caminhos</VF_DevMode_Pathing>
  <VF_DevMode_ShowRecentNews>Mostrar Notícias Mais Recentes</VF_DevMode_ShowRecentNews>
  <VF_DevMode_OpenQuickTestSettings>Menu de Teste Rápido</VF_DevMode_OpenQuickTestSettings>
  <VF_DevMode_GraphEditor>Editor de Gráficos</VF_DevMode_GraphEditor>

  <!-- Restaurar Etiquetas de Pop-up -->
  <VF_DevMode_ResetAll>Redefinir Todas as Configurações</VF_DevMode_ResetAll>
  <VF_DevMode_ResetVehicle>Redefinir {0}</VF_DevMode_ResetVehicle>
  <VF_DevMode_ResetAllVehicles>Redefinir Todos os Veículos</VF_DevMode_ResetAllVehicles>
  <VF_DevMode_ResetPage>Redefinir Página</VF_DevMode_ResetPage>
  <VF_DevMode_ResetAllConfirmation>Tem certeza de que deseja restaurar todas as configurações para os valores originais? Se você foi excluído das Configurações do Mod devido a uma exceção, será necessário reiniciar após a restauração.</VF_DevMode_ResetAllConfirmation>

  <!-- Registro Adicional -->
  <VF_DevMode_DebugLogging>Registrar informações de depuração.</VF_DevMode_DebugLogging>
  <VF_DevMode_DebugLoggingTooltip>Ativar registro de mensagens para exibir valores específicos e informações úteis para depuração de Veículos. Use apenas se estiver criando um complemento de Veículo.</VF_DevMode_DebugLoggingTooltip>
  <VF_DevMode_DebugPathCostRecalculationLogging>Registro de Recálculo de Custo de Caminho de Depuração</VF_DevMode_DebugPathCostRecalculationLogging>
  <VF_DevMode_DebugPathCostRecalculationLoggingTooltip>Registrar resumo da alteração de custo de caminho para todos os veículos afetados por sujeira na região.</VF_DevMode_DebugPathCostRecalculationLoggingTooltip>

  <!-- Burlar Mecânicas -->
  <VF_DevMode_DebugDraftAnyVehicle>Rascunhar Qualquer Veículo</VF_DevMode_DebugDraftAnyVehicle>
  <VF_DevMode_DebugDraftAnyVehicleTooltip>Ser capaz de rascunhar e mover qualquer veículo, independentemente de passageiros. Útil para barcos vazios em águas profundas ou se você quiser acelerar os testes.</VF_DevMode_DebugDraftAnyVehicleTooltip>
  <VF_DevMode_DebugShootAnyTurret>Atirar em Qualquer Torre</VF_DevMode_DebugShootAnyTurret>
  <VF_DevMode_DebugShootAnyTurretTooltip>Ser capaz de atirar em qualquer torre, independentemente de ela estar sendo operada.</VF_DevMode_DebugShootAnyTurretTooltip>
  <VF_DevMode_DebugSpawnVehiclesGodMode>Criar Edifícios de Veículos (modo Deus)</VF_DevMode_DebugSpawnVehiclesGodMode>
  <VF_DevMode_DebugSpawnVehiclesGodModeTooltip>As plantas de veículos colocadas no modo Deus criarão a variante de Construção em vez de gerar um VehiclePawn para o spawn.</VF_DevMode_DebugSpawnVehiclesGodModeTooltip>

  <!-- Informações Adicionais -->
  <VF_DevMode_DebugDrawUpgradeNodeGrid>Desenhar Grade de Árvore de Melhorias</VF_DevMode_DebugDrawUpgradeNodeGrid>
  <VF_DevMode_DebugDrawUpgradeNodeGridTooltip>Desenhar grade de Árvore de Melhorias para colocação no eixo (x, y).</VF_DevMode_DebugDrawUpgradeNodeGridTooltip>
  <VF_DevMode_DebugDrawHitbox>Desenhar Caixa de Colisão</VF_DevMode_DebugDrawHitbox>
  <VF_DevMode_DebugDrawHitboxTooltip>Desenhar a caixa de colisão do veículo destacando as células do mapa ocupadas pelo veículo.</VF_DevMode_DebugDrawHitboxTooltip>
  <VF_DevMode_DebugDrawVehicleTracks>Desenhar Trilhas do Veículo</VF_DevMode_DebugDrawVehicleTracks>
  <VF_DevMode_DebugDrawVehicleTracksTooltip>Desenhar células ocupadas pelas "Trilhas do Veículo" que marcam quais células serão danificadas por ação de movimento.</VF_DevMode_DebugDrawVehicleTracksTooltip>
  <VF_DevMode_DebugDrawBumpers>Desenhar Para-choques do Veículo</VF_DevMode_DebugDrawBumpers>
  <VF_DevMode_DebugDrawBumpersTooltip>Desenhar células imediatamente à frente do veículo que indicarão quando o veículo "encostar" em algo e interromper o caminho.</VF_DevMode_DebugDrawBumpersTooltip>
  <VF_DevMode_DebugDrawLordMeetingPoint>Desenhar Ponto de Encontro do Senhor</VF_DevMode_DebugDrawLordMeetingPoint>
  <VF_DevMode_DebugDrawLordMeetingPointTooltip>Destaca a célula onde o ponto de encontro do Caravana de Veículos foi definido.</VF_DevMode_DebugDrawLordMeetingPointTooltip>

  <!-- Caminhamento -->
  <VF_DevMode_DebugPathfinderDebugging>Caminhamento Local</VF_DevMode_DebugPathfinderDebugging>
  <VF_DevMode_DebugPathfinderDebuggingTooltip>Abrir menu para depurar várias saídas de busca de caminho (baseadas em células e baseadas em região)</VF_DevMode_DebugPathfinderDebuggingTooltip>
  <VF_DevMode_DebugWorldPathfinderDebugging>Caminhamento Mundial</VF_DevMode_DebugWorldPathfinderDebugging>
  <VF_DevMode_DebugWorldPathfinderDebuggingTooltip>Abrir menu para depurar WorldPathGrid para qualquer VehicleDef.</VF_DevMode_DebugWorldPathfinderDebuggingTooltip>
  <VF_DevMode_DebugDrawVehiclePathingCosts>Desenhar Custos de Caminho</VF_DevMode_DebugDrawVehiclePathingCosts>
  <VF_DevMode_DebugDrawVehiclePathingCostsTooltip>DDesenhar custos brutos por célula/tile calculados a partir do buscador de caminho. Mostra o custo acumulado do caminho.</VF_DevMode_DebugDrawVehiclePathingCostsTooltip>
  <VF_DevMode_DebugDrawPathfinderSearch>Desenhar Busca de Buscador de Caminho</VF_DevMode_DebugDrawPathfinderSearch>
  <VF_DevMode_DebugDrawPathfinderSearchTooltip>Desenha a busca do Pathfinder enquanto ele abre e fecha nós em busca de um caminho. Também mostrará a busca por trechos se o Hierarchical Pathfinding estiver ativado. O Pathfinder é intencionalmente desacelerado para mostrar claramente o processo, já que a busca assíncrona é muito rápida na maioria dos casos para ser visualizada.</VF_DevMode_DebugDrawPathfinderSearchTooltip>

</LanguageData>
