﻿<?xml version="1.0" encoding="utf-8"?>

<LanguageData>
  <!-- (Definição de Veículo)-->
  <VF_VehicleEnabled>Ativado</VF_VehicleEnabled>
  <VF_VehicleDisabled>Desativado</VF_VehicleDisabled>
  <VF_VehiclePlayerOnly>Apenas Jogador</VF_VehiclePlayerOnly>
  <VF_VehicleRaiderOnly>Apenas NPC</VF_VehicleRaiderOnly>

  <VF_EnableButtonTooltip>Se desativado, este veículo não estará disponível no jogo. Aplica-se tanto às facções de jogador quanto de NPC.</VF_EnableButtonTooltip>

  <VF_MovementPermissions>Tipo de Controle</VF_MovementPermissions>
  <VF_NavigationType>Navegação</VF_NavigationType>
  <VF_NavigationTypeTooltip>Categoria de navegação para o Mapa Mundial. Determina quando o Veículo pode se mover no Mapa Mundial.</VF_NavigationTypeTooltip>

  <VF_Nameable>Pode Atribuir Nome</VF_Nameable>
  <VF_NameableTooltip>Permite dar um nome a este veículo. O nome aparecerá sobre o veículo e substituirá o rótulo exibido.</VF_NameableTooltip>

  <VF_CombatPower>Poder de Combate</VF_CombatPower>
  <VF_CombatPowerTooltip>Pontos de combate que o veículo custa para ser gerado em um evento.</VF_CombatPowerTooltip>

  <VF_CanCaravan>Caravana</VF_CanCaravan>
  <VF_CanCaravanTooltip>O veículo pode ser levado em caravanas.</VF_CanCaravanTooltip>

  <!-- Dica de Desabilitado -->
  <VF_SaveableFieldDisabledConditionTooltip>Desabilitado. {0}</VF_SaveableFieldDisabledConditionTooltip>
  <VF_DisabledSingleModDependencyTooltip>Desabilitado. Mod compatível não está na lista de mods ativos: {0}</VF_DisabledSingleModDependencyTooltip>
  <VF_DisabledMultipleModsDependencyTooltip>Desabilitado. Mods compatíveis não estão na lista de mods ativos: {0}</VF_DisabledMultipleModsDependencyTooltip>
  <VF_SaveableFieldDisabledTooltip>Desabilitado para este Tipo de Veículo.</VF_SaveableFieldDisabledTooltip>
  <VF_SaveableFieldLockedTooltip>Configuração está bloqueada para este Veículo.</VF_SaveableFieldLockedTooltip>
  <VF_DebugDisabledTooltip>Desabilitado para todos os Veículos neste momento.</VF_DebugDisabledTooltip>
  <VF_GizmoDisabledTooltip>Desabilitado nas configurações do mod.</VF_GizmoDisabledTooltip>

  <!-- Desempenho -->
  <VF_OpportunisticTicking>Marcação Oportunista</VF_OpportunisticTicking>
  <VF_OpportunisticTickingTooltip>Os componentes do veículo só são ativados quando necessário, reduzindo o impacto no desempenho quando em repouso.</VF_OpportunisticTickingTooltip>

  <!-- (Propriedades) -->
  <VF_CollisionMultiplier>Dano a Pawns</VF_CollisionMultiplier>
  <VF_CollisionMultiplierTooltip>Multiplicador para o dano aplicado a Pawns atropelados por veículos.</VF_CollisionMultiplierTooltip>
  <VF_CollisionVehicleMultiplier>Dano a Veículos</VF_CollisionVehicleMultiplier>
  <VF_CollisionVehicleMultiplierTooltip>Multiplicador para o dano aplicado ao veículo ao atropelar uma pawn.</VF_CollisionVehicleMultiplierTooltip>

  <VF_ManhunterTargetsVehicle>Alvos de Caçador</VF_ManhunterTargetsVehicle>
  <VF_ManhunterTargetsVehicleTooltip>Animais caçadores irão focar neste veículo.</VF_ManhunterTargetsVehicleTooltip>
  <VF_FishingEnabled>Pode Pescar</VF_FishingEnabled>
  <VF_FishingEnabledTooltip>Habilita a pesca quando estacionado sobre a água.</VF_FishingEnabledTooltip>

  <VF_JobLimitations>Empregos do Veículo</VF_JobLimitations>
  <VF_MaxWorkers>Máximo de Trabalhadores</VF_MaxWorkers>

  <VF_WinterSpeedMultiplier>Multiplicador de Velocidade de Inverno</VF_WinterSpeedMultiplier>
  <VF_WinterSpeedMultiplierTooltip>Custo adicional para viajar durante o inverno.</VF_WinterSpeedMultiplierTooltip>
  <VF_WorldSpeedMultiplier>Multiplicador de Velocidade Mundial</VF_WorldSpeedMultiplier>
  <VF_WorldSpeedMultiplierTooltip>Multiplicador de MoveSpeed quando no mapa mundial em uma caravana.</VF_WorldSpeedMultiplierTooltip>

  <VF_DischargePerTick>Taxa de Descarga</VF_DischargePerTick>
  <VF_TicksPerCharge>Taxa de Carga</VF_TicksPerCharge>
  <VF_FuelConsumptionRate>Taxa de Consumo de Combustível</VF_FuelConsumptionRate>
  <VF_FuelConsumptionRateWorldMultiplier>Multiplicador Mundial</VF_FuelConsumptionRateWorldMultiplier>
  <VF_FuelCapacity>Capacidade de Combustível</VF_FuelCapacity>
  <VF_AutoRefuelPercent>Auto Reabastecimento %</VF_AutoRefuelPercent>

  <VF_FuelConsumptionWorld>Consumo de Combustível %</VF_FuelConsumptionWorld>
  <VF_FuelConsumptionWorldTooltip>Multiplicador de consumo de combustível no mapa mundial.</VF_FuelConsumptionWorldTooltip>
  <VF_LaunchFixedMaxDistance>Distância Máxima Fixa</VF_LaunchFixedMaxDistance>
  <VF_LaunchFixedMaxDistanceTooltip>Defina uma distância máxima fixa que este veículo pode voar, independentemente do nível de combustível.</VF_LaunchFixedMaxDistanceTooltip>
  <VF_LaunchFixedMaxDistanceDisabled>Nenhum</VF_LaunchFixedMaxDistanceDisabled>
  <VF_ReconDistance>Distância de Reconhecimento</VF_ReconDistance>
  <VF_ReconDistanceTooltip>Distância em quadrados que o ônibus espacial será capaz de realizar reconhecimento de um local ou assentamento.</VF_ReconDistanceTooltip>
  <VF_ControlInFlight>Controle em Voo</VF_ControlInFlight>
  <VF_ControlInFlightTooltip>Controle a aeronave enquanto ela estiver em voo. Permite a mudança de trajetórias de voo durante o voo, a escolha do local de pouso após carregar um mapa e o direcionamento em mapas que ainda não foram carregados.</VF_ControlInFlightTooltip>
  <VF_SpaceFlight>Viajante Espacial</VF_SpaceFlight>
  <VF_SpaceFlightTooltip>Veículo é capaz de lançar-se e decolar de objetos espaciais.</VF_SpaceFlightTooltip>

  <VF_RateOfClimb>Taxa de Subida</VF_RateOfClimb>
  <VF_RateOfClimbTooltip>Quantidade pela qual o veículo sobe por tick.</VF_RateOfClimbTooltip>
  <VF_MaxAltitude>Altitude Máxima</VF_MaxAltitude>
  <VF_MaxAltitudeTooltip>Altitude máxima que este veículo pode atingir durante o voo.</VF_MaxAltitudeTooltip>
  <VF_MaxFallRate>Taxa Máxima de Queda</VF_MaxFallRate>
  <VF_MaxFallRateTooltip>Máxima quantidade que este veículo descerá ao ser abatido ou ficar sem combustível.</VF_MaxFallRateTooltip>

  <VF_Instant>Instantâneo</VF_Instant>

</LanguageData>
